batch_size_file,runs,mode,gpu_ratio_cfg,cpu_ratio_cfg,images,batches,img_w,img_h,wg_w,wg_h,wall_ms,cpu_images,cpu_total_ms,cpu_in_ms,cpu_kernel_ms,cpu_out_ms,cpu_ms_per_img,gpu_images,gpu_total_ms,gpu_in_ms,gpu_kernel_ms,gpu_out_ms,gpu_ms_per_img,speedup_gpu_vs_cpu,imbalance_pct,bottleneck,bottleneck_delta_ms,mpix_per_sec,img_per_sec,recommended_gpu_ratio,batch_size_log
35.0,3,,,,5000.0,143.0,320.0,240.0,16.0,16.0,802.7866666666667,5000.0,428.7166666666667,82.66333333333334,274.94,71.11666666666666,,5000.0,434.54333333333335,28.906666666666666,375.6366666666666,30.0,,,1.3333333333333333,GPU,5.823333333333333,478.3533333333333,6228.533333333333,0.8356666666666667,35.0
50.0,3,,,,5000.0,100.0,320.0,240.0,16.0,16.0,807.6133333333333,5000.0,427.76,80.76,274.07,72.92999999999999,,5000.0,431.91333333333336,34.93666666666667,366.1266666666667,30.846666666666668,,1.01,1.4666666666666668,GPU,6.383333333333333,475.73,6194.389999999999,0.8363333333333335,50.0
100.0,3,,,,5000.0,50.0,320.0,240.0,16.0,16.0,1279.92,5000.0,554.8666666666667,77.19666666666667,184.87,292.8,,5000.0,517.2133333333333,71.03,395.6266666666667,50.55666666666667,,1.33,11.733333333333334,CPU,73.50666666666667,300.60999999999996,3914.2033333333334,0.8966666666666666,100.0
200.0,3,,,,5000.0,25.0,320.0,240.0,16.0,16.0,1273.8166666666666,5000.0,529.5266666666666,76.95666666666666,192.96333333333334,259.6,,5000.0,506.55,74.71666666666665,386.2266666666667,45.60666666666666,,1.16,5.266666666666667,CPU,30.543333333333333,301.78999999999996,3929.556666666667,0.8913333333333333,200.0
500.0,3,,,,5000.0,10.0,320.0,240.0,16.0,16.0,1276.6000000000001,5000.0,494.6033333333333,77.62,192.61333333333334,224.36333333333334,,5000.0,502.91333333333336,73.69,385.03999999999996,44.18,,,1.6333333333333335,GPU,8.31,300.8,3916.693333333333,0.8856666666666667,500.0
800.0,3,,,,5000.0,7.0,320.0,240.0,16.0,16.0,1337.76,5000.0,515.46,78.02,193.67,243.77999999999997,,5000.0,505.16333333333336,74.12666666666667,386.0933333333333,44.94333333333333,,1.02,1.9666666666666668,CPU,10.3,287.05333333333334,3737.6733333333336,0.8896666666666667,800.0
1200.0,3,,,,5000.0,5.0,320.0,240.0,16.0,16.0,1419.3966666666665,5000.0,509.74,78.48333333333333,190.7733333333333,240.48333333333335,,5000.0,501.8,72.99333333333334,383.83666666666664,44.97,,1.0166666666666666,1.5333333333333332,CPU,7.94,270.54,3522.6633333333334,0.8893333333333334,1200.0
